node_type,layer,mean_norm,std_norm
circRNA,layer1,9.417762756347656,6.037065029144287
circRNA,layer2,12.002488136291504,7.715180397033691
circRNA,layer3,16.01493263244629,10.299261093139648
circRNA,layer4,1.0,4.330177105771327e-08
disease,layer1,22.726144790649414,29.417083740234375
disease,layer2,30.476797103881836,39.74312973022461
disease,layer3,43.29585266113281,56.8779411315918
disease,layer4,1.0,4.038259149297119e-08
