quartile,n_nodes,mean_delta_auc,std_delta_auc
Q1 (low),186,0.07034050179211469,0.6046563179129958
Q2,0,,
Q3,0,,
Q4 (high),15,-0.016666666666666666,0.5201495511442411
