node_type,layer,mean_l2
circRNA,layer1,6.465703010559082
circRNA,layer2,8.012290000915527
circRNA,layer3,11.01172924041748
circRNA,layer4,0.3495667278766632
disease,layer1,27.447288513183594
disease,layer2,35.91778564453125
disease,layer3,50.81456756591797
disease,layer4,0.8379276990890503
